iteration,loss,particle.0.mass,particle.1.mass,particle.2.mass,particle.3.mass,particle.4.mass,particle.5.mass,particle.6.mass,particle.7.mass,particle.8.mass,particle.9.mass,particle.10.mass,particle.11.mass,particle.12.mass,particle.13.mass,particle.14.mass,particle.15.mass,particle.16.mass,particle.17.mass,particle.18.mass,particle.19.mass,edge.0.k,edge.1.k,edge.2.k,edge.3.k,edge.4.k,edge.5.k,edge.6.k,edge.7.k,edge.8.k,edge.9.k,edge.10.k,edge.11.k,edge.12.k,edge.13.k,edge.14.k,edge.15.k,edge.16.k,edge.17.k,edge.18.k,edge.19.k,edge.20.k,edge.21.k,gt.particle.0.mass,gt.particle.1.mass,gt.particle.2.mass,gt.particle.3.mass,gt.particle.4.mass,gt.particle.5.mass,gt.particle.6.mass,gt.particle.7.mass,gt.particle.8.mass,gt.particle.9.mass,gt.particle.10.mass,gt.particle.11.mass,gt.particle.12.mass,gt.particle.13.mass,gt.particle.14.mass,gt.particle.15.mass,gt.particle.16.mass,gt.particle.17.mass,gt.particle.18.mass,gt.particle.19.mass,gt.edge.0.k,gt.edge.1.k,gt.edge.2.k,gt.edge.3.k,gt.edge.4.k,gt.edge.5.k,gt.edge.6.k,gt.edge.7.k,gt.edge.8.k,gt.edge.9.k,gt.edge.10.k,gt.edge.11.k,gt.edge.12.k,gt.edge.13.k,gt.edge.14.k,gt.edge.15.k,gt.edge.16.k,gt.edge.17.k,gt.edge.18.k,gt.edge.19.k,gt.edge.20.k,gt.edge.21.k
-1,,,,,,,,,,,,,,,,,,,,,,,,,,,,,,,,,,,,,,,,,,,,1.0,1000000.0,1000000.0,1.0,1.0,1.0,1000000.0,1.0,1.0,1.0,1.0,1.0,1000000.0,1000000.0,1.0,1.0,1.0,1.0,1.0,1.0,49.07329559326172,43.18100357055664,210.79783630371094,184.5205841064453,153.55503845214844,126.31459045410156,178.84588623046875,52.72201919555664,152.78073120117188,1479.359619140625,335.5299072265625,394.7825012207031,115.28861236572266,77.67278289794922,322.4112548828125,292.17156982421875,340.9383850097656,230.95013427734375,462.88214111328125,178.71435546875,192.11871337890625,160.06735229492188
0,,1.0,1000000.0,1000000.0,1.0,1.0,1.0,1000000.0,1.0,1.0,1.0,1.0,1.0,1000000.0,1000000.0,1.0,1.0,1.0,1.0,1.0,1.0,49.07329559326172,43.18100357055664,210.79783630371094,184.5205841064453,153.55503845214844,126.31459045410156,178.84588623046875,52.72201919555664,152.78073120117188,1479.359619140625,335.5299072265625,394.7825012207031,115.28861236572266,77.67278289794922,322.4112548828125,292.17156982421875,340.9383850097656,230.95013427734375,462.88214111328125,178.71435546875,192.11871337890625,160.06735229492188,,,,,,,,,,,,,,,,,,,,,,,,,,,,,,,,,,,,,,,,,,
1,8.957020440902852e-07,0.9925411343574524,1000000.0,1000000.0,0.9618228077888489,0.9977201819419861,1.001102089881897,1000000.0,0.9999995231628418,0.9999966621398926,1.0,1.000001072883606,1.0000003576278687,1000000.0,1000000.0,1.0000028610229492,1.0009574890136719,1.0,1.0004703998565674,1.0,1.0000003576278687,49.07344436645508,43.1810188293457,210.79783630371094,184.52053833007812,153.56211853027344,126.31366729736328,178.84507751464844,52.722713470458984,152.7805633544922,1479.37353515625,335.53082275390625,394.7825012207031,115.28861999511719,77.67278289794922,322.4112548828125,292.17156982421875,340.93792724609375,230.95013427734375,462.88214111328125,178.71435546875,192.11871337890625,160.06735229492188,,,,,,,,,,,,,,,,,,,,,,,,,,,,,,,,,,,,,,,,,,
2,1.5567766240565106e-06,0.9391757845878601,1000000.0,1000000.0,0.8888746500015259,0.9613333940505981,1.010872483253479,1000000.0,1.0000797510147095,0.9988722801208496,0.9999961256980896,1.0000098943710327,0.9998776912689209,1000000.0,1000000.0,1.000084638595581,1.0202692747116089,1.0000001192092896,1.025154948234558,0.9999998211860657,0.9999032616615295,49.081825256347656,43.18281173706055,210.79843139648438,184.5172882080078,153.81741333007812,126.29766845703125,178.77719116210938,52.78218078613281,152.76150512695312,1479.940185546875,335.5788879394531,394.78216552734375,115.28877258300781,77.67279052734375,322.41119384765625,292.1718444824219,340.9221496582031,230.95008850097656,462.8821105957031,178.71435546875,192.11871337890625,160.06735229492188,,,,,,,,,,,,,,,,,,,,,,,,,,,,,,,,,,,,,,,,,,
3,4.215381068206625e-06,0.8730408549308777,1000000.0,1000000.0,0.8177960515022278,0.8995913863182068,1.0362827777862549,1000000.0,1.000991940498352,0.9872942566871643,0.9999566674232483,0.9999305009841919,0.997956395149231,1000000.0,1000000.0,1.0012797117233276,1.0728330612182617,1.000001311302185,1.0834211111068726,0.9999973177909851,0.9977983236312866,49.15686798095703,43.196754455566406,210.81561279296875,184.47146606445312,154.85450744628906,126.2251205444336,177.8951416015625,53.49431610107422,152.6494903564453,1482.80078125,336.0725402832031,394.7805480957031,115.28881072998047,77.67293548583984,322.4112548828125,292.1728515625,340.7466125488281,230.94888305664062,462.8810729980469,178.71435546875,192.1187744140625,160.06735229492188,,,,,,,,,,,,,,,,,,,,,,,,,,,,,,,,,,,,,,,,,,
4,9.700251212052535e-06,0.8052396178245544,1000000.0,1000000.0,0.7423762083053589,0.8337215781211853,1.0299335718154907,1000000.0,1.0070157051086426,0.9595096111297607,1.0006619691848755,0.9988753795623779,0.9878010749816895,1000000.0,1000000.0,1.010439395904541,1.1360458135604858,1.000054955482483,1.1477645635604858,0.9999639391899109,0.9825910329818726,49.494075775146484,43.244544982910156,210.979248046875,184.1780242919922,156.2686004638672,126.25926208496094,173.26234436035156,56.90433120727539,152.90289306640625,1488.974853515625,338.32867431640625,394.7862548828125,115.27490997314453,77.67446899414062,322.4194641113281,292.15301513671875,339.75927734375,230.937744140625,462.8722839355469,178.7143096923828,192.11959838867188,160.06735229492188,,,,,,,,,,,,,,,,,,,,,,,,,,,,,,,,,,,,,,,,,,
5,8.86634188645985e-06,0.7266268134117126,1000000.0,1000000.0,0.6585753560066223,0.7563915848731995,1.011658787727356,1000000.0,1.0160223245620728,0.9256247282028198,1.0020734071731567,0.997260332107544,0.9726356863975525,1000000.0,1000000.0,1.0238726139068604,1.210602879524231,1.0001393556594849,1.2236028909683228,0.9999120235443115,0.9597285985946655,49.99647521972656,43.3129997253418,211.24815368652344,183.7085723876953,157.6717071533203,126.33795928955078,166.9336395263672,61.967811584472656,153.52548217773438,1496.6424560546875,341.6465148925781,394.79718017578125,115.2531509399414,77.67684173583984,322.4324645996094,292.1218566894531,338.3618469238281,230.92025756835938,462.85888671875,178.7142333984375,192.12086486816406,160.06735229492188,,,,,,,,,,,,,,,,,,,,,,,,,,,,,,,,,,,,,,,,,,
6,7.922581062302925e-06,0.6414273977279663,1000000.0,1000000.0,0.5696030855178833,0.6721454858779907,0.9952139854431152,1000000.0,1.027126669883728,0.8916135430335999,1.0043044090270996,0.9953007698059082,0.9536092877388,1000000.0,1000000.0,1.0401067733764648,1.2908055782318115,1.0002444982528687,1.3046461343765259,0.9998476505279541,0.9310637712478638,50.617469787597656,43.3950080871582,211.60867309570312,183.08724975585938,158.84588623046875,126.39580535888672,159.8389892578125,68.22476196289062,154.5682830810547,1504.890869140625,345.71038818359375,394.8125,115.22721862792969,77.6797866821289,322.4485168457031,292.0858459472656,336.7538146972656,230.8982696533203,462.84259033203125,178.71414184570312,192.1224365234375,160.06735229492188,,,,,,,,,,,,,,,,,,,,,,,,,,,,,,,,,,,,,,,,,,
7,6.917172413523076e-06,0.5517652630805969,1000000.0,1000000.0,0.4773828685283661,0.5832007527351379,0.9901275634765625,1000000.0,1.039878487586975,0.8646120429039001,1.0075724124908447,0.9931321740150452,0.9311364889144897,1000000.0,1000000.0,1.0582915544509888,1.373576283454895,1.0003641843795776,1.387355089187622,0.9997743368148804,0.8972950577735901,51.334625244140625,43.48837661743164,212.05894470214844,182.3162078857422,159.6704864501953,126.3961181640625,152.4765167236328,75.43327331542969,156.11065673828125,1513.1513671875,350.3422546386719,394.83197021484375,115.19926452636719,77.68314361572266,322.46661376953125,292.0488586425781,335.0470275878906,230.87295532226562,462.8247375488281,178.71405029296875,192.1242218017578,160.06735229492188,,,,,,,,,,,,,,,,,,,,,,,,,,,,,,,,,,,,,,,,,,
8,5.868650077900384e-06,0.4589228630065918,1000000.0,1000000.0,0.38324007391929626,0.49084365367889404,0.9959001541137695,1000000.0,1.0539618730545044,0.8537740111351013,1.0121512413024902,0.9908111691474915,0.90517657995224,1000000.0,1000000.0,1.0777443647384644,1.4569696187973022,1.0004934072494507,1.4694855213165283,0.999694287776947,0.8585397601127625,52.133689880371094,43.59037780761719,212.60841369628906,181.3807373046875,160.10781860351562,126.34257507324219,145.1306915283203,83.44369506835938,158.24337768554688,1521.0367431640625,355.4359130859375,394.8554382324219,115.170166015625,77.68681335449219,322.4861755371094,292.0120544433594,333.3089294433594,230.84535217285156,462.80645751953125,178.7139434814453,192.1261444091797,160.06735229492188,,,,,,,,,,,,,,,,,,,,,,,,,,,,,,,,,,,,,,,,,,
9,4.771754902321845e-06,0.36377203464508057,1000000.0,1000000.0,0.2881403863430023,0.39590057730674744,1.0067808628082275,1000000.0,1.0691441297531128,0.8631114363670349,1.0183205604553223,0.9883667826652527,0.8754016757011414,1000000.0,1000000.0,1.0978853702545166,1.5396318435668945,1.0006282329559326,1.5495703220367432,0.999609112739563,0.814623236656189,53.00961685180664,43.701805114746094,213.2727508544922,180.25071716308594,160.20530700683594,126.26206970214844,137.9683837890625,92.12317657470703,161.0483856201172,1528.2933349609375,360.9060974121094,394.8825378417969,115.13998413085938,77.69071960449219,322.5069274902344,291.97503662109375,331.58282470703125,230.81649780273438,462.788818359375,178.71383666992188,192.12814331054688,160.06735229492188,,,,,,,,,,,,,,,,,,,,,,,,,,,,,,,,,,,,,,,,,,
10,7.227409696497489e-06,0.2821003794670105,1000000.0,1000000.0,0.19061163067817688,0.3134608268737793,0.9700180888175964,1000000.0,1.0963730812072754,0.9054785370826721,1.0410630702972412,0.9834036231040955,0.8338085412979126,1000000.0,1000000.0,1.128440499305725,1.6267454624176025,1.0011094808578491,1.6354413032531738,0.9993579983711243,0.7625923752784729,54.437583923339844,43.90285110473633,214.76068115234375,177.913818359375,160.18150329589844,126.7640609741211,128.57598876953125,103.21471405029297,166.30670166015625,1535.0345458984375,368.3263854980469,394.974365234375,115.0411605834961,77.70027160644531,322.574951171875,291.8466796875,329.1439208984375,230.765869140625,462.76495361328125,178.71353149414062,192.1332244873047,160.06735229492188,,,,,,,,,,,,,,,,,,,,,,,,,,,,,,,,,,,,,,,,,,
11,4.4190414882905316e-06,0.19611907005310059,1000000.0,1000000.0,0.09142223745584488,0.22667381167411804,0.9214721918106079,1000000.0,1.1317386627197266,0.9613320827484131,1.0740574598312378,0.9766079187393188,0.7812153100967407,1000000.0,1000000.0,1.1669895648956299,1.7173917293548584,1.001875400543213,1.7244112491607666,0.998970091342926,0.6993012428283691,56.33847427368164,44.22648620605469,216.85401916503906,174.49075317382812,160.18836975097656,127.4321060180664,117.92904663085938,114.76343536376953,172.60580444335938,1541.0911865234375,376.9040832519531,395.0989685058594,114.89569854736328,77.71452331542969,322.6789245605469,291.6649475097656,326.2771301269531,230.7044677734375,462.7365417480469,178.71310424804688,192.14089965820312,160.06735229492188,,,,,,,,,,,,,,,,,,,,,,,,,,,,,,,,,,,,,,,,,,
12,3.983762780990219e-06,0.10680942982435226,1000000.0,1000000.0,0.07999999821186066,0.1364966332912445,0.8606005907058716,1000000.0,1.1799677610397339,1.0250475406646729,1.1199027299880981,0.9613978862762451,0.7249589562416077,1000000.0,1000000.0,1.2170920372009277,1.8083298206329346,1.0055475234985352,1.8155874013900757,0.9915302991867065,0.6313189268112183,59.650360107421875,45.342498779296875,219.2755889892578,169.1884002685547,160.18226623535156,128.96849060058594,103.33512878417969,124.8060073852539,177.989013671875,1546.3150634765625,386.11468505859375,395.1737365722656,114.44065856933594,77.7522964477539,323.02044677734375,291.1433410644531,321.9512939453125,230.59735107421875,462.6965637207031,178.728759765625,192.168701171875,160.0671844482422,,,,,,,,,,,,,,,,,,,,,,,,,,,,,,,,,,,,,,,,,,
13,8.515531590091996e-06,0.07999999821186066,1000000.0,1000000.0,0.07999999821186066,0.07999999821186066,0.788923442363739,1000000.0,1.2365400791168213,1.0978459119796753,1.1758623123168945,0.9142232537269592,0.6658326983451843,1000000.0,1000000.0,1.273881196975708,1.891587734222412,1.0184897184371948,1.9048486948013306,0.9450441598892212,0.6636297702789307,63.923500061035156,48.16890335083008,220.09933471679688,165.77001953125,160.19137573242188,130.16693115234375,83.28707885742188,133.60316467285156,181.8388214111328,1550.782958984375,393.19049072265625,395.4522399902344,112.96001434326172,77.84626007080078,324.0918884277344,289.7108154296875,314.22845458984375,230.312744140625,462.5972900390625,182.1498260498047,192.3080596923828,160.0562286376953,,,,,,,,,,,,,,,,,,,,,,,,,,,,,,,,,,,,,,,,,,
14,8.044822607189417e-06,0.07999999821186066,1000000.0,1000000.0,0.07999999821186066,0.07999999821186066,0.7960997223854065,1000000.0,1.3049681186676025,1.176355004310608,1.2422351837158203,0.8503233790397644,0.5956069827079773,1000000.0,1000000.0,1.3429276943206787,1.9805841445922852,1.0387319326400757,1.9974404573440552,0.8817235827445984,0.7197510600090027,68.48786926269531,52.58175277709961,219.32212829589844,167.02304077148438,160.21926879882812,126.6703109741211,60.56610870361328,141.34767150878906,184.4324188232422,1554.607421875,398.3573913574219,396.4499206542969,110.90491485595703,77.97908782958984,325.6222839355469,288.0599060058594,304.10986328125,229.8759307861328,462.4453430175781,188.18072509765625,192.55380249023438,160.0355682373047,,,,,,,,,,,,,,,,,,,,,,,,,,,,,,,,,,,,,,,,,,
15,6.985692380112596e-06,0.10374164581298828,1000000.0,1000000.0,0.07999999821186066,0.07999999821186066,0.815266489982605,1000000.0,1.3809399604797363,1.256126880645752,1.3149651288986206,0.7751489281654358,0.5176622271537781,1000000.0,1000000.0,1.4202309846878052,2.0741214752197266,1.0624308586120605,2.086007833480835,0.8070621490478516,0.7887603044509888,73.46479034423828,58.33823013305664,217.18479919433594,171.99046325683594,160.26785278320312,121.4234848022461,38.19894790649414,148.19461059570312,186.03427124023438,1557.8814697265625,401.93695068359375,398.0127258300781,108.3196792602539,78.13574981689453,327.55780029296875,286.11456298828125,292.35418701171875,229.33187866210938,462.2456970214844,196.40440368652344,192.86195373535156,160.00656127929688,,,,,,,,,,,,,,,,,,,,,,,,,,,,,,,,,,,,,,,,,,
16,5.741792847402394e-06,0.14070633053779602,1000000.0,1000000.0,0.07999999821186066,0.08138187974691391,0.8048555254936218,1000000.0,1.4609270095825195,1.3326386213302612,1.3912262916564941,0.6915581226348877,0.4322284162044525,1000000.0,1000000.0,1.5010008811950684,2.1702170372009277,1.08665931224823,2.1648905277252197,0.7239370346069336,0.8619318604469299,79.36327362060547,65.26319122314453,213.91502380371094,178.6439666748047,160.3377227783203,117.89557647705078,19.208017349243164,154.2703399658203,186.8623504638672,1560.6822509765625,404.2906494140625,399.83062744140625,105.15911102294922,78.3031005859375,329.89190673828125,283.65496826171875,279.5660095214844,228.71754455566406,462.0004577636719,206.4511260986328,193.19412231445312,159.97015380859375,,,,,,,,,,,,,,,,,,,,,,,,,,,,,,,,,,,,,,,,,,
17,4.784156772075221e-06,0.1787785440683365,1000000.0,1000000.0,0.07999999821186066,0.08394581824541092,0.7686578631401062,1000000.0,1.542669415473938,1.40216064453125,1.4687622785568237,0.6013378500938416,0.3414056599140167,1000000.0,1000000.0,1.5826022624969482,2.2669155597686768,1.1101154088974,2.2326011657714844,0.6341885328292847,0.9308701753616333,86.39909362792969,73.00381469726562,210.0925750732422,184.90487670898438,160.42813110351562,116.81829071044922,5.877721786499023,159.67796325683594,187.09228515625,1563.07421875,405.9455261230469,401.6239318847656,101.49634552001953,78.46958923339844,332.5581970214844,280.7280578613281,266.2336120605469,228.05545043945312,461.7167053222656,218.0210723876953,193.5329132080078,159.92672729492188,,,,,,,,,,,,,,,,,,,,,,,,,,,,,,,,,,,,,,,,,,
18,1.4713073142047506e-05,0.20416288077831268,1000000.0,1000000.0,0.07999999821186066,0.07999999821186066,0.7108446955680847,1000000.0,1.6306982040405273,1.4673395156860352,1.5404797792434692,0.5215868949890137,0.2610440254211426,1000000.0,1000000.0,1.6706980466842651,2.3676295280456543,1.129534125328064,2.283259630203247,0.5707694292068481,0.9884034991264343,95.3079605102539,81.83605194091797,206.17019653320312,189.21151733398438,160.56797790527344,118.87674713134766,7.495316982269287,164.71351623535156,186.7545166015625,1565.0806884765625,407.4803466796875,403.34820556640625,96.07525634765625,78.54385375976562,336.1310729980469,276.4626159667969,250.38768005371094,227.10960388183594,460.6878967285156,236.96429443359375,193.99493408203125,159.73580932617188,,,,,,,,,,,,,,,,,,,,,,,,,,,,,,,,,,,,,,,,,,
19,1.1773330697906204e-05,0.21332021057605743,1000000.0,1000000.0,0.07999999821186066,0.07999999821186066,0.6630839705467224,1000000.0,1.7239006757736206,1.5177216529846191,1.621824860572815,0.4338042140007019,0.17271077632904053,1000000.0,1000000.0,1.7642269134521484,2.4705421924591064,1.14750075340271,2.319007635116577,0.495329350233078,1.0309408903121948,105.88600158691406,91.45606994628906,203.1488494873047,190.91722106933594,160.75160217285156,118.17018127441406,18.19232749938965,169.41342163085938,186.08018493652344,1566.75390625,409.2428283691406,404.9173278808594,89.5782699584961,78.4964828491211,340.2417907714844,271.8337707519531,233.02435302734375,225.92234802246094,459.1104431152344,261.0713806152344,194.56663513183594,159.38626098632812,,,,,,,,,,,,,,,,,,,,,,,,,,,,,,,,,,,,,,,,,,
20,8.66813297761837e-06,0.21461258828639984,1000000.0,1000000.0,0.07999999821186066,0.07999999821186066,0.6519777178764343,1000000.0,1.8205832242965698,1.546243667602539,1.7102102041244507,0.37157201766967773,0.14369088411331177,1000000.0,1000000.0,1.8618966341018677,2.5733537673950195,1.166529893875122,2.341359853744507,0.4105767607688904,1.0605939626693726,118.24613952636719,102.13191986083984,202.40191650390625,190.734619140625,160.97267150878906,112.5029067993164,34.172340393066406,173.80364990234375,185.25331115722656,1568.1387939453125,411.3665466308594,406.267333984375,82.47926330566406,78.31240844726562,344.6385192871094,267.49993896484375,214.9281005859375,224.5390625,457.1387023925781,288.0299987792969,195.21417236328125,158.8600616455078,,,,,,,,,,,,,,,,,,,,,,,,,,,,,,,,,,,,,,,,,,
21,5.3895541896054056e-06,0.21334592998027802,1000000.0,1000000.0,0.08703632652759552,0.09284837543964386,0.6505362391471863,1000000.0,1.918650507926941,1.5513384342193604,1.8031816482543945,0.33312538266181946,0.17425814270973206,1000000.0,1000000.0,1.9604942798614502,2.673827886581421,1.1898776292800903,2.3538424968719482,0.31804710626602173,1.0798602104187012,132.0193328857422,113.67997741699219,204.4168701171875,189.31185913085938,161.2245635986328,105.26306915283203,52.34049987792969,177.9027862548828,184.41551208496094,1569.2738037109375,413.8563537597656,407.3728332519531,74.74944305419922,78.02273559570312,349.2828369140625,263.1252746582031,196.76870727539062,223.01571655273438,454.8981628417969,316.3252868652344,195.86944580078125,158.1819610595703,,,,,,,,,,,,,,,,,,,,,,,,,,,,,,,,,,,,,,,,,,
22,2.7394323751650518e-06,0.1992100030183792,1000000.0,1000000.0,0.09940062463283539,0.09565098583698273,0.6337164640426636,1000000.0,2.0161640644073486,1.535951018333435,1.8988333940505981,0.2868894040584564,0.20359408855438232,1000000.0,1000000.0,2.056004524230957,2.7699167728424072,1.2247827053070068,2.36295223236084,0.23016738891601562,1.0886313915252686,145.78541564941406,124.78107452392578,207.61195373535156,185.91903686523438,161.49366760253906,100.91110229492188,69.7069320678711,181.69525146484375,183.75599670410156,1570.2025146484375,416.69683837890625,408.2917175292969,66.29875183105469,77.66458892822266,354.11077880859375,258.13946533203125,179.16021728515625,221.3994598388672,452.4779357910156,342.852783203125,196.4599151611328,157.47357177734375,,,,,,,,,,,,,,,,,,,,,,,,,,,,,,,,,,,,,,,,,,
23,7.629862921021413e-06,0.17294494807720184,1000000.0,1000000.0,0.11546459794044495,0.07999999821186066,0.59656822681427,1000000.0,2.1183695793151855,1.484724998474121,1.9915999174118042,0.22361569106578827,0.21240094304084778,1000000.0,1000000.0,2.1515188217163086,2.863354206085205,1.2769993543624878,2.3818981647491455,0.24929314851760864,1.0855339765548706,159.05287170410156,135.0563201904297,210.750244140625,180.99415588378906,161.81658935546875,104.31373596191406,81.83513641357422,185.29624938964844,184.77577209472656,1570.9638671875,419.66131591796875,409.09552001953125,56.048954010009766,76.0755844116211,358.68408203125,250.97085571289062,161.48147583007812,219.054443359375,448.5875549316406,355.87115478515625,196.69459533691406,155.64163208007812,,,,,,,,,,,,,,,,,,,,,,,,,,,,,,,,,,,,,,,,,,
24,5.94683297094889e-06,0.15211085975170135,1000000.0,1000000.0,0.13271427154541016,0.07999999821186066,0.5857319831848145,1000000.0,2.2240664958953857,1.4163850545883179,2.090820789337158,0.15267552435398102,0.22375725209712982,1000000.0,1000000.0,2.2477707862854004,2.950731039047241,1.3432992696762085,2.4206788539886475,0.28872305154800415,1.0849599838256836,171.6513671875,144.96954345703125,213.31527709960938,178.15711975097656,162.16334533691406,107.01199340820312,85.22396850585938,188.66880798339844,187.23788452148438,1571.6038818359375,422.3365478515625,409.87890625,45.103233337402344,73.51317596435547,362.7491455078125,243.3085174560547,145.03070068359375,216.1439208984375,443.5738525390625,361.89581298828125,196.7179718017578,152.747314453125,,,,,,,,,,,,,,,,,,,,,,,,,,,,,,,,,,,,,,,,,,
25,5.2850118663627654e-06,0.14416827261447906,1000000.0,1000000.0,0.14876502752304077,0.09310277551412582,0.6000044345855713,1000000.0,2.331683397293091,1.3382492065429688,2.1952292919158936,0.10760021209716797,0.24017104506492615,1000000.0,1000000.0,2.342714548110962,3.029399871826172,1.4108073711395264,2.4754462242126465,0.31970521807670593,1.0961928367614746,183.03692626953125,154.36090087890625,214.680419921875,179.17710876464844,162.50831604003906,105.72828674316406,81.0817642211914,191.82310485839844,190.8201141357422,1572.1644287109375,424.511962890625,410.7080993652344,33.322715759277344,71.4322280883789,367.00048828125,236.3868408203125,131.00071716308594,212.84375,437.6748046875,368.931884765625,196.6940155029297,148.98345947265625,,,,,,,,,,,,,,,,,,,,,,,,,,,,,,,,,,,,,,,,,,
26,6.606765509786783e-06,0.1415124088525772,1000000.0,1000000.0,0.1616700142621994,0.10428118705749512,0.6127849817276001,1000000.0,2.4395439624786377,1.2576862573623657,2.302990436553955,0.1051085963845253,0.2421373724937439,1000000.0,1000000.0,2.4320778846740723,3.097627639770508,1.4711086750030518,2.538341760635376,0.3281199038028717,1.1172969341278076,192.5243377685547,162.55677795410156,214.36917114257812,182.38656616210938,162.8300018310547,101.78466796875,72.50910186767578,194.7993621826172,195.1359100341797,1572.679443359375,426.1908264160156,411.5722351074219,20.177448272705078,72.54179382324219,372.17352294921875,230.58551025390625,120.37529754638672,209.3495635986328,431.04595947265625,380.5144958496094,196.68267822265625,144.54592895507812,,,,,,,,,,,,,,,,,,,,,,,,,,,,,,,,,,,,,,,,,,
27,6.259389920160174e-06,0.1387074738740921,1000000.0,1000000.0,0.17010796070098877,0.10310543328523636,0.6039350628852844,1000000.0,2.546187400817871,1.186138391494751,2.4124200344085693,0.1303393393754959,0.22361013293266296,1000000.0,1000000.0,2.5112032890319824,3.1547532081604004,1.5228222608566284,2.6001598834991455,0.31857046484947205,1.144696593284607,200.01193237304688,169.32518005371094,212.4210968017578,186.33030700683594,163.11109924316406,98.7678451538086,63.128021240234375,197.64578247070312,199.7482147216797,1573.1727294921875,427.45281982421875,412.4318542480469,5.757637977600098,76.65592193603516,378.16534423828125,225.31625366210938,113.69181823730469,205.87294006347656,423.77972412109375,395.6839294433594,196.66481018066406,139.6198272705078,,,,,,,,,,,,,,,,,,,,,,,,,,,,,,,,,,,,,,,,,,
28,4.5788538045599125e-06,0.13859830796718597,1000000.0,1000000.0,0.17347164452075958,0.09825503081083298,0.5930416584014893,1000000.0,2.6505589485168457,1.1386126279830933,2.522097110748291,0.16175352036952972,0.19473996758460999,1000000.0,1000000.0,2.578915596008301,3.2009851932525635,1.5685471296310425,2.652634382247925,0.302458256483078,1.1778680086135864,205.96424865722656,175.0286407470703,209.3085174560547,191.16497802734375,163.3392333984375,96.39408111572266,56.37763214111328,200.39634704589844,204.2381134033203,1573.6568603515625,428.3498840332031,413.2562561035156,9.999999747378752e-05,81.58390045166016,384.0625915527344,220.5661163330078,110.98947143554688,202.61895751953125,415.94073486328125,411.76885986328125,196.6079864501953,134.36367797851562,,,,,,,,,,,,,,,,,,,,,,,,,,,,,,,,,,,,,,,,,,
29,7.5983030001225416e-06,0.14686650037765503,1000000.0,1000000.0,0.17389410734176636,0.1075218915939331,0.5993601679801941,1000000.0,2.7594518661499023,1.1323226690292358,2.636451244354248,0.19209003448486328,0.17699496448040009,1000000.0,1000000.0,2.6229441165924072,3.2269623279571533,1.610711932182312,2.6790544986724854,0.29386183619499207,1.2195223569869995,211.0322723388672,180.1969757080078,205.9281768798828,196.8131866455078,163.5208282470703,97.452880859375,59.758155822753906,202.9491729736328,208.71119689941406,1574.1217041015625,428.90362548828125,413.9746398925781,9.999999747378752e-05,83.05921173095703,388.2740173339844,215.8004150390625,116.75618743896484,199.36985778808594,405.6732177734375,426.03619384765625,196.31190490722656,126.71253967285156,,,,,,,,,,,,,,,,,,,,,,,,,,,,,,,,,,,,,,,,,,
30,7.518423899455229e-06,0.15564507246017456,1000000.0,1000000.0,0.17162975668907166,0.12043987214565277,0.6294821500778198,1000000.0,2.8712873458862305,1.1552276611328125,2.754261016845703,0.2103876918554306,0.16936805844306946,1000000.0,1000000.0,2.645587921142578,3.2357423305511475,1.6546344757080078,2.6866695880889893,0.308358371257782,1.257243275642395,215.5442352294922,184.76138305664062,202.87391662597656,201.14781188964844,163.65919494628906,101.83486938476562,69.88294982910156,205.32472229003906,212.9624481201172,1574.5672607421875,429.2599182128906,414.4926452636719,9.999999747378752e-05,80.58958435058594,390.3267822265625,211.04122924804688,128.60787963867188,196.26593017578125,393.5917663574219,433.2584228515625,195.75486755371094,117.15390014648438,,,,,,,,,,,,,,,,,,,,,,,,,,,,,,,,,,,,,,,,,,
31,6.6385891841491684e-06,0.1530047059059143,1000000.0,1000000.0,0.16721747815608978,0.11516343802213669,0.6756397485733032,1000000.0,2.984471559524536,1.1930571794509888,2.8738718032836914,0.22416028380393982,0.1524621993303299,1000000.0,1000000.0,2.649320125579834,3.2307896614074707,1.69594407081604,2.68902850151062,0.3377643823623657,1.277540922164917,219.2843475341797,188.20277404785156,200.16775512695312,201.38775634765625,163.77304077148438,108.07500457763672,81.07319641113281,207.55337524414062,217.12635803222656,1574.99267578125,429.5939025878906,414.7917785644531,9.999999747378752e-05,75.71630859375,390.8105163574219,206.96844482421875,144.60556030273438,193.25030517578125,380.3359375,434.95098876953125,195.0186767578125,106.36221313476562,,,,,,,,,,,,,,,,,,,,,,,,,,,,,,,,,,,,,,,,,,
32,5.349011644284474e-06,0.15068253874778748,1000000.0,1000000.0,0.16145768761634827,0.11972952634096146,0.7281937599182129,1000000.0,3.0975382328033447,1.2335090637207031,2.9937379360198975,0.24101896584033966,0.16777566075325012,1000000.0,1000000.0,2.636645793914795,3.2167325019836426,1.7272136211395264,2.701833724975586,0.37055259943008423,1.2880992889404297,223.14871215820312,191.50296020507812,198.77955627441406,200.57119750976562,163.8871307373047,114.34658813476562,87.54414367675781,209.6654510498047,221.46377563476562,1575.395751953125,429.8118591308594,414.823974609375,9.999999747378752e-05,70.5635757446289,390.6826171875,204.50131225585938,162.76165771484375,190.21298217773438,366.4839782714844,434.3857421875,194.21067810058594,95.17695617675781,,,,,,,,,,,,,,,,,,,,,,,,,,,,,,,,,,,,,,,,,,
33,4.948729383613681e-06,0.1406976878643036,1000000.0,1000000.0,0.15527582168579102,0.11243806779384613,0.7740527391433716,1000000.0,3.209218740463257,1.2645115852355957,3.11249041557312,0.27366629242897034,0.1781630963087082,1000000.0,1000000.0,2.6096367835998535,3.198606491088867,1.7428619861602783,2.731811285018921,0.39488765597343445,1.2858288288116455,226.33209228515625,193.9429473876953,197.5952606201172,197.21148681640625,164.0269775390625,120.23462677001953,86.97469329833984,211.6956329345703,226.22450256347656,1575.7720947265625,429.98394775390625,414.6844177246094,9.999999747378752e-05,66.75819396972656,390.844482421875,203.97544860839844,181.21737670898438,187.03431701660156,352.54168701171875,434.7374572753906,193.41188049316406,84.24404907226562,,,,,,,,,,,,,,,,,,,,,,,,,,,,,,,,,,,,,,,,,,
34,7.2139127951231785e-06,0.12706223130226135,1000000.0,1000000.0,0.15048471093177795,0.09927085787057877,0.8029577732086182,1000000.0,3.3256490230560303,1.2610677480697632,3.2344419956207275,0.3213207423686981,0.18392039835453033,1000000.0,1000000.0,2.5562264919281006,3.1790812015533447,1.722493052482605,2.7818238735198975,0.407013475894928,1.2690023183822632,228.86900329589844,195.609375,196.33718872070312,191.49624633789062,164.26490783691406,130.53831481933594,77.66461944580078,213.6815185546875,232.65692138671875,1576.13427734375,429.7464904785156,414.316650390625,9.999999747378752e-05,63.306949615478516,390.4228515625,205.1390838623047,199.2512664794922,182.07415771484375,337.6165771484375,437.6990051269531,192.53851318359375,73.54901885986328,,,,,,,,,,,,,,,,,,,,,,,,,,,,,,,,,,,,,,,,,,
35,5.6920921451819595e-06,0.12955643236637115,1000000.0,1000000.0,0.14765715599060059,0.11631210893392563,0.8413625955581665,1000000.0,3.4451065063476562,1.232964038848877,3.3576765060424805,0.3798869848251343,0.21738362312316895,1000000.0,1000000.0,2.4872782230377197,3.173978090286255,1.679341197013855,2.82651686668396,0.4072144031524658,1.266084909439087,231.18167114257812,197.5703125,195.0962677001953,190.1085968017578,164.6001739501953,139.86581420898438,69.92850494384766,215.654296875,240.3458709716797,1576.470947265625,429.00665283203125,413.829833984375,9.999999747378752e-05,60.3835563659668,389.41162109375,208.60794067382812,212.13990783691406,175.80233764648438,322.2426452636719,443.2945556640625,191.6895294189453,64.19549560546875,,,,,,,,,,,,,,,,,,,,,,,,,,,,,,,,,,,,,,,,,,
36,5.549646630242933e-06,0.11954644322395325,1000000.0,1000000.0,0.146947979927063,0.1000506579875946,0.9019379019737244,1000000.0,3.5661652088165283,1.1914538145065308,3.4804110527038574,0.42843031883239746,0.20151983201503754,1000000.0,1000000.0,2.4106698036193848,3.1898038387298584,1.6240493059158325,2.847566843032837,0.4100593030452728,1.251268982887268,231.0146942138672,197.48851013183594,191.6997833251953,184.63812255859375,165.0135498046875,144.46029663085938,71.47199249267578,217.62060546875,248.62135314941406,1576.7718505859375,428.26953125,413.4802551269531,9.999999747378752e-05,56.950828552246094,387.47479248046875,214.1990966796875,218.07786560058594,168.74290466308594,306.7185974121094,448.06427001953125,190.90333557128906,57.2823486328125,,,,,,,,,,,,,,,,,,,,,,,,,,,,,,,,,,,,,,,,,,
37,6.2288445406011306e-06,0.1252596229314804,1000000.0,1000000.0,0.1481885015964508,0.10279804468154907,0.9706453680992126,1000000.0,3.6876637935638428,1.149030327796936,3.6011204719543457,0.4665176570415497,0.1949603259563446,1000000.0,1000000.0,2.3309192657470703,3.2267823219299316,1.566788911819458,2.8501927852630615,0.41945064067840576,1.2574737071990967,230.00360107421875,197.41650390625,187.4410400390625,184.38209533691406,165.4738006591797,148.122314453125,80.0256118774414,219.56361389160156,256.7192077636719,1577.0289306640625,427.18182373046875,413.2043762207031,9.999999747378752e-05,52.0418701171875,384.8013916015625,219.8998565673828,216.7720184326172,161.46188354492188,291.1787109375,450.033447265625,190.11692810058594,52.129329681396484,,,,,,,,,,,,,,,,,,,,,,,,,,,,,,,,,,,,,,,,,,
38,6.3848842728475574e-06,0.14239497482776642,1000000.0,1000000.0,0.1510324627161026,0.12086158990859985,1.0257132053375244,1000000.0,3.8086702823638916,1.120654582977295,3.718667507171631,0.49070844054222107,0.19893959164619446,1000000.0,1000000.0,2.252155065536499,3.278212308883667,1.517168641090393,2.851748466491699,0.4407459497451782,1.2756789922714233,228.51063537597656,197.4329376220703,182.74789428710938,188.02940368652344,165.94586181640625,153.976318359375,88.43019104003906,221.4512939453125,263.91796875,1577.2369384765625,425.7893371582031,412.924560546875,9.999999747378752e-05,46.390464782714844,382.2489318847656,224.19703674316406,210.19818115234375,154.54403686523438,275.65032958984375,446.6810302734375,189.32225036621094,49.87160110473633,,,,,,,,,,,,,,,,,,,,,,,,,,,,,,,,,,,,,,,,,,
39,6.638098057010211e-06,0.14366550743579865,1000000.0,1000000.0,0.1550249606370926,0.11243287473917007,1.0601613521575928,1000000.0,3.9282941818237305,1.1145268678665161,3.832125186920166,0.5075772404670715,0.17445895075798035,1000000.0,1000000.0,2.181980848312378,3.3352560997009277,1.4797154664993286,2.8691627979278564,0.46696972846984863,1.2730573415756226,225.7458953857422,196.03868103027344,177.069580078125,187.24502563476562,166.40895080566406,161.45912170410156,90.29969787597656,223.26519775390625,269.8496398925781,1577.3984375,424.4820556640625,412.62841796875,9.999999747378752e-05,40.782997131347656,380.6249084472656,226.45130920410156,201.25672912597656,148.47215270996094,260.2835388183594,440.1286315917969,188.6271209716797,50.81882095336914,,,,,,,,,,,,,,,,,,,,,,,,,,,,,,,,,,,,,,,,,,
40,6.4213804762403015e-06,0.14679576456546783,1000000.0,1000000.0,0.15966838598251343,0.1131274402141571,1.0821845531463623,1000000.0,4.045664310455322,1.128865122795105,3.940840244293213,0.5285956859588623,0.16568148136138916,1000000.0,1000000.0,2.1317338943481445,3.3909099102020264,1.4555021524429321,2.9023051261901855,0.4863413870334625,1.2634632587432861,223.47683715820312,194.93539428710938,172.458984375,187.10964965820312,166.86251831054688,167.70333862304688,85.64540100097656,225.01193237304688,274.5405578613281,1577.524169921875,422.9241638183594,412.1117248535156,9.999999747378752e-05,35.73041534423828,380.4499206542969,226.51522827148438,192.24472045898438,143.5204620361328,245.34634399414062,434.24884033203125,188.20538330078125,54.65555953979492,,,,,,,,,,,,,,,,,,,,,,,,,,,,,,,,,,,,,,,,,,
41,6.864302577014314e-06,0.15464571118354797,1000000.0,1000000.0,0.16447196900844574,0.13019412755966187,1.100810170173645,1000000.0,4.1599555015563965,1.1563355922698975,4.044381618499756,0.5575498342514038,0.18328078091144562,1000000.0,1000000.0,2.108811378479004,3.4384825229644775,1.4461692571640015,2.9385507106781006,0.4927424490451813,1.2486273050308228,222.22227478027344,194.5320281982422,169.71731567382812,188.21678161621094,167.32481384277344,170.2549591064453,79.30591583251953,226.7212371826172,278.3340759277344,1577.63232421875,421.06915283203125,411.31646728515625,9.999999747378752e-05,31.444854736328125,381.8896179199219,224.4750518798828,185.43101501464844,139.73114013671875,231.2028350830078,431.56768798828125,188.1691436767578,60.87515640258789,,,,,,,,,,,,,,,,,,,,,,,,,,,,,,,,,,,,,,,,,,
42,7.537325473094825e-06,0.14305008947849274,1000000.0,1000000.0,0.1690620630979538,0.12182386219501495,1.1159474849700928,1000000.0,4.270461559295654,1.1863963603973389,4.142505645751953,0.592903733253479,0.17835277318954468,1000000.0,1000000.0,2.109874963760376,3.4726696014404297,1.4533098936080933,2.964078187942505,0.4885086715221405,1.2122284173965454,220.2116241455078,192.8925018310547,166.7321319580078,183.7865447998047,167.8291473388672,169.3693389892578,76.89473724365234,228.43853759765625,281.82489013671875,1577.7459716796875,419.3870849609375,410.44232177734375,9.999999747378752e-05,27.968786239624023,384.8743896484375,220.51438903808594,182.69363403320312,136.97335815429688,218.30799865722656,431.21453857421875,188.4866485595703,68.94689178466797,,,,,,,,,,,,,,,,,,,,,,,,,,,,,,,,,,,,,,,,,,
43,7.936849215184338e-06,0.131938636302948,1000000.0,1000000.0,0.17312662303447723,0.11646471917629242,1.1204848289489746,1000000.0,4.376692295074463,1.210598349571228,4.235105991363525,0.630582869052887,0.17891453206539154,1000000.0,1000000.0,2.1260037422180176,3.493741512298584,1.476654291152954,2.9746944904327393,0.48042047023773193,1.1755988597869873,218.21629333496094,191.25750732421875,164.13238525390625,179.33889770507812,168.40296936035156,167.13133239746094,80.25487518310547,230.19985961914062,285.475341796875,1577.885498046875,417.5567321777344,409.4649353027344,9.999999747378752e-05,25.25544548034668,389.2004089355469,214.99783325195312,183.98788452148438,135.0640869140625,206.98687744140625,430.2918395996094,189.02210998535156,78.27693176269531,,,,,,,,,,,,,,,,,,,,,,,,,,,,,,,,,,,,,,,,,,
44,8.737184543861076e-06,0.1371443271636963,1000000.0,1000000.0,0.17647352814674377,0.1341170221567154,1.1089742183685303,1000000.0,4.478376388549805,1.2228214740753174,4.322195053100586,0.6694437265396118,0.2021794319152832,1000000.0,1000000.0,2.1480846405029297,3.5041067600250244,1.5131381750106812,2.9767329692840576,0.4740016758441925,1.1618592739105225,216.4887237548828,190.38522338867188,161.97836303710938,179.302734375,169.06655883789062,165.59255981445312,86.68145751953125,232.03009033203125,289.62335205078125,1578.0660400390625,415.42138671875,408.4294738769531,9.999999747378752e-05,23.20427703857422,394.5653076171875,208.48875427246094,188.47714233398438,133.8533477783203,197.463623046875,426.1236267089844,189.6355743408203,88.1232681274414,,,,,,,,,,,,,,,,,,,,,,,,,,,,,,,,,,,,,,,,,,
45,9.226980182575062e-06,0.13312101364135742,1000000.0,1000000.0,0.17889519035816193,0.1333029419183731,1.0849238634109497,1000000.0,4.575435638427734,1.22169029712677,4.403882026672363,0.7068703174591064,0.20310011506080627,1000000.0,1000000.0,2.169077157974243,3.50561261177063,1.5580626726150513,2.9817471504211426,0.47193607687950134,1.148693561553955,213.29541015625,188.3682861328125,158.08071899414062,176.86985778808594,169.8252716064453,165.0690460205078,91.54410552978516,233.93577575683594,294.3580627441406,1578.296875,413.4875183105469,407.5598449707031,9.999999747378752e-05,21.67007827758789,400.5555419921875,201.80189514160156,195.48745727539062,133.2998809814453,189.79898071289062,418.0908508300781,190.240478515625,97.76403045654297,,,,,,,,,,,,,,,,,,,,,,,,,,,,,,,,,,,,,,,,,,
46,9.498531653662212e-06,0.12570221722126007,1000000.0,1000000.0,0.1802101880311966,0.12184415012598038,1.058167815208435,1000000.0,4.667949676513672,1.2096662521362305,4.480344295501709,0.7451717853546143,0.18949763476848602,1000000.0,1000000.0,2.1843655109405518,3.502568244934082,1.605452537536621,2.9979045391082764,0.47261983156204224,1.143592357635498,208.8744354248047,185.5812530517578,152.60231018066406,173.8594512939453,170.67071533203125,164.34552001953125,91.8176498413086,235.90908813476562,299.5534973144531,1578.5791015625,411.6944274902344,406.8659973144531,9.999999747378752e-05,20.55729103088379,406.70208740234375,195.8870849609375,203.53707885742188,133.4594268798828,183.92111206054688,406.6494445800781,190.8121337890625,106.61492919921875,,,,,,,,,,,,,,,,,,,,,,,,,,,,,,,,,,,,,,,,,,
47,9.745856004883535e-06,0.13590458035469055,1000000.0,1000000.0,0.1802636981010437,0.13164450228214264,1.0412378311157227,1000000.0,4.756141185760498,1.1918164491653442,4.551812648773193,0.784386157989502,0.19392158091068268,1000000.0,1000000.0,2.19097900390625,3.5003159046173096,1.6489073038101196,3.0233747959136963,0.4725899398326874,1.1643677949905396,204.5502166748047,183.56741333007812,147.08448791503906,176.19027709960938,171.58299255371094,161.56796264648438,88.20584869384766,237.9305877685547,304.9190979003906,1578.906982421875,409.703125,406.22369384765625,9.999999747378752e-05,19.725248336791992,412.5585632324219,191.75399780273438,210.8956298828125,134.4537811279297,179.65257263183594,393.6509704589844,191.3607635498047,114.28298950195312,,,,,,,,,,,,,,,,,,,,,,,,,,,,,,,,,,,,,,,,,,
48,9.64674836723134e-06,0.1447199136018753,1000000.0,1000000.0,0.1790146827697754,0.1391673982143402,1.0349160432815552,1000000.0,4.840325832366943,1.1744129657745361,4.618607521057129,0.8277864456176758,0.19486656785011292,1000000.0,1000000.0,2.185744047164917,3.5016157627105713,1.6827633380889893,3.0493946075439453,0.4675154685974121,1.1865490674972534,200.02371215820312,181.43849182128906,141.2759552001953,178.86709594726562,172.5369110107422,157.16751098632812,84.06151580810547,239.97486877441406,310.1029357910156,1579.26953125,407.810791015625,405.6429748535156,9.999999747378752e-05,19.05179786682129,417.9306640625,189.68795776367188,216.76107788085938,136.42327880859375,176.75106811523438,380.5594482421875,191.88059997558594,120.44817352294922,,,,,,,,,,,,,,,,,,,,,,,,,,,,,,,,,,,,,,,,,,
49,9.860248610493727e-06,0.13993343710899353,1000000.0,1000000.0,0.1765901893377304,0.13159175217151642,1.030678391456604,1000000.0,4.920843124389648,1.1626704931259155,4.68100643157959,0.8732471466064453,0.1816575974225998,1000000.0,1000000.0,2.16629958152771,3.5083703994750977,1.7038921117782593,3.0675063133239746,0.4560825228691101,1.193496823310852,195.30943298339844,178.7071533203125,135.4169158935547,178.71383666992188,173.51063537597656,153.38003540039062,82.798828125,242.021240234375,314.8128662109375,1579.653076171875,406.236083984375,405.1070251464844,9.999999747378752e-05,18.362642288208008,422.8031311035156,189.27841186523438,220.6343536376953,139.42909240722656,175.00721740722656,368.9159240722656,192.34201049804688,124.81842803955078,,,,,,,,,,,,,,,,,,,,,,,,,,,,,,,,,,,,,,,,,,
50,9.664058779890183e-06,0.13576704263687134,1000000.0,1000000.0,0.1732254922389984,0.1320069581270218,1.022620439529419,1000000.0,4.99802827835083,1.1597479581832886,4.739298343658447,0.9191411137580872,0.17964306473731995,1000000.0,1000000.0,2.1329345703125,3.5223450660705566,1.7126976251602173,3.0755226612091064,0.440151184797287,1.1946905851364136,191.67787170410156,176.65093994140625,131.40640258789062,179.27784729003906,174.4891357421875,151.85475158691406,85.36099243164062,244.0558624267578,318.8572998046875,1580.0460205078125,404.6624450683594,404.4775390625,1.1126247644424438,17.502765655517578,427.1512451171875,189.94061279296875,222.042724609375,143.44471740722656,174.240478515625,358.48187255859375,192.7117919921875,127.03380584716797,,,,,,,,,,,,,,,,,,,,,,,,,,,,,,,,,,,,,,,,,,
51,9.267159839509986e-06,0.135402113199234,1000000.0,1000000.0,0.16933564841747284,0.14515498280525208,1.0140860080718994,1000000.0,5.072239875793457,1.1657010316848755,4.793769359588623,0.9585386514663696,0.19356001913547516,1000000.0,1000000.0,2.0888736248016357,3.5431041717529297,1.7126511335372925,3.077974557876587,0.425862193107605,1.1923872232437134,189.38348388671875,175.52877807617188,129.61471557617188,181.15744018554688,175.4678192138672,152.079345703125,89.86927032470703,246.07826232910156,322.1923828125,1580.437744140625,403.0317077636719,403.7417907714844,3.6447296142578125,16.33884048461914,430.8808898925781,191.28298950195312,221.155517578125,148.31065368652344,174.33006286621094,348.6347351074219,192.97528076171875,126.79540252685547,,,,,,,,,,,,,,,,,,,,,,,,,,,,,,,,,,,,,,,,,,
52,8.685819921083748e-06,0.12409592419862747,1000000.0,1000000.0,0.16541452705860138,0.14684538543224335,1.0124250650405884,1000000.0,5.143842697143555,1.177991271018982,4.844705581665039,0.986954391002655,0.19668643176555634,1000000.0,1000000.0,2.039060115814209,3.568063259124756,1.7077438831329346,3.0826332569122314,0.41906535625457764,1.1759737730026245,187.20472717285156,174.0111541748047,128.09051513671875,180.38055419921875,176.45140075683594,152.47738647460938,93.25821685791016,248.10009765625,324.89825439453125,1580.821044921875,401.6499938964844,403.0482177734375,7.614106178283691,14.798768997192383,433.91766357421875,192.9659881591797,218.7758026123047,153.77310180664062,175.20388793945312,338.3063659667969,193.1583709716797,124.01033020019531,,,,,,,,,,,,,,,,,,,,,,,,,,,,,,,,,,,,,,,,,,
53,8.315028026117943e-06,0.10884329676628113,1000000.0,1000000.0,0.1619664877653122,0.14304226636886597,1.0217314958572388,1000000.0,5.2132368087768555,1.1928858757019043,4.892380714416504,1.0036250352859497,0.19312076270580292,1000000.0,1000000.0,1.9883759021759033,3.5950725078582764,1.7000563144683838,3.094878673553467,0.4201982319355011,1.155308485031128,185.02816772460938,172.3105926513672,126.3597412109375,178.51632690429688,177.44935607910156,151.77459716796875,93.53937530517578,250.1409454345703,327.1204528808594,1581.1910400390625,400.4083557128906,402.4366455078125,12.854360580444336,12.859947204589844,436.33612060546875,194.6259765625,215.5562286376953,159.52894592285156,176.81784057617188,327.8014221191406,193.33726501464844,119.01521301269531,,,,,,,,,,,,,,,,,,,,,,,,,,,,,,,,,,,,,,,,,,
54,8.107240319077391e-06,0.1059955283999443,1000000.0,1000000.0,0.15937499701976776,0.15284082293510437,1.036179780960083,1000000.0,5.280838966369629,1.206305742263794,4.937062740325928,1.0104434490203857,0.20037592947483063,1000000.0,1000000.0,1.9400148391723633,3.6222264766693115,1.6887171268463135,3.1136837005615234,0.4237675964832306,1.150546669960022,183.23223876953125,171.2984619140625,124.67333984375,179.45652770996094,178.4725341796875,150.47100830078125,91.12030792236328,252.22055053710938,329.02825927734375,1581.546875,399.0538330078125,401.8899230957031,18.83506202697754,10.504650115966797,438.4200439453125,195.72787475585938,212.0789337158203,165.2869110107422,179.14352416992188,319.4599609375,193.61404418945312,112.47332763671875,,,,,,,,,,,,,,,,,,,,,,,,,,,,,,,,,,,,,,,,,,
55,8.009102202777285e-06,0.1070922464132309,1000000.0,1000000.0,0.15788069367408752,0.16273535788059235,1.0462356805801392,1000000.0,5.34706974029541,1.2151964902877808,4.979007720947266,1.010703206062317,0.20445090532302856,1000000.0,1000000.0,1.895895004272461,3.6465303897857666,1.6719177961349487,3.133167266845703,0.42252886295318604,1.15462064743042,181.18345642089844,170.25184631347656,122.10124969482422,180.88954162597656,179.5272979736328,149.7933807373047,88.23648071289062,254.35205078125,330.7482604980469,1581.8878173828125,397.73797607421875,401.47833251953125,24.98110008239746,7.718825340270996,440.5070495605469,195.7727813720703,209.2899627685547,170.7904052734375,182.13400268554688,316.0030212402344,194.0777130126953,105.08720397949219,,,,,,,,,,,,,,,,,,,,,,,,,,,,,,,,,,,,,,,,,,
56,8.09873927209992e-06,0.10315042734146118,1000000.0,1000000.0,0.1574910432100296,0.16144979000091553,1.0464028120040894,1000000.0,5.412332057952881,1.2181518077850342,5.01846170425415,1.0053555965423584,0.19504806399345398,1000000.0,1000000.0,1.8583250045776367,3.6655831336975098,1.6506521701812744,3.147404432296753,0.41523128747940063,1.1569809913635254,178.58267211914062,168.6180877685547,118.30929565429688,180.4987030029297,180.61367797851562,150.3307342529297,87.23121643066406,256.5370178222656,332.3343200683594,1582.2149658203125,396.608642578125,401.2255554199219,30.846542358398438,4.50637149810791,442.83294677734375,194.4369354248047,207.9673614501953,175.85882568359375,185.7158966064453,317.6219787597656,194.76446533203125,97.37680053710938,,,,,,,,,,,,,,,,,,,,,,,,,,,,,,,,,,,,,,,,,,
57,7.84620988270035e-06,0.10149180889129639,1000000.0,1000000.0,0.15802764892578125,0.16082137823104858,1.039312720298767,1000000.0,5.477004528045654,1.2155872583389282,5.055659294128418,0.9923340678215027,0.18527047336101532,1000000.0,1000000.0,1.8306556940078735,3.6788580417633057,1.6294360160827637,3.1545000076293945,0.40758949518203735,1.1625970602035522,176.13143920898438,167.1032257080078,114.32125854492188,180.10574340820312,181.72474670410156,151.16586303710938,88.88886260986328,258.76495361328125,333.7620544433594,1582.529296875,395.4912414550781,401.0317687988281,36.17974853515625,0.8879795074462891,445.5027160644531,191.6645965576172,208.294189453125,180.38441467285156,189.78421020507812,321.8846130371094,195.65896606445312,89.67010498046875,,,,,,,,,,,,,,,,,,,,,,,,,,,,,,,,,,,,,,,,,,
58,7.797817488608416e-06,0.10750806331634521,1000000.0,1000000.0,0.15913449227809906,0.17127779126167297,1.0308680534362793,1000000.0,5.541412830352783,1.2095472812652588,5.090822696685791,0.969832718372345,0.18792594969272614,1000000.0,1000000.0,1.8150298595428467,3.6867458820343018,1.6132476329803467,3.157350778579712,0.4060150384902954,1.1736546754837036,174.5299530029297,166.3407440185547,111.30181884765625,181.10975646972656,182.84759521484375,150.88621520996094,92.04204559326172,261.0145568847656,334.93377685546875,1582.832275390625,394.25335693359375,400.7953796386719,40.856201171875,9.999999747378752e-05,448.5367126464844,187.6537628173828,210.15428161621094,184.3299102783203,194.20396423339844,326.07080078125,196.71336364746094,82.27079772949219,,,,,,,,,,,,,,,,,,,,,,,,,,,,,,,,,,,,,,,,,,
59,7.731856385362335e-06,0.10836873948574066,1000000.0,1000000.0,0.16043800115585327,0.17704781889915466,1.0230255126953125,1000000.0,5.605810642242432,1.2026703357696533,5.12415885925293,0.939897894859314,0.18799345195293427,1000000.0,1000000.0,1.8096871376037598,3.689685106277466,1.6027662754058838,3.1613357067108154,0.41032087802886963,1.175203800201416,173.37950134277344,165.57534790039062,108.83308410644531,180.5061492919922,183.96730041503906,149.09844970703125,94.59440612792969,263.261962890625,335.73541259765625,1583.1240234375,393.1011047363281,400.5523986816406,44.759159088134766,9.999999747378752e-05,451.9316711425781,182.79054260253906,213.4105224609375,187.68531799316406,198.83811950683594,329.3085632324219,197.8743438720703,75.63160705566406,,,,,,,,,,,,,,,,,,,,,,,,,,,,,,,,,,,,,,,,,,
60,7.843587809475139e-06,0.10130733251571655,1000000.0,1000000.0,0.16153325140476227,0.17458118498325348,1.0125744342803955,1000000.0,5.670348644256592,1.198243260383606,5.155862331390381,0.9060124158859253,0.1821758896112442,1000000.0,1000000.0,1.809251308441162,3.6894290447235107,1.5942941904067993,3.170475959777832,0.41563552618026733,1.164716124534607,172.55006408691406,164.63560485839844,106.732666015625,177.8094940185547,185.06793212890625,146.59693908691406,95.05610656738281,265.4808044433594,336.0259704589844,1583.4051513671875,392.09918212890625,400.3165588378906,47.793182373046875,9.999999747378752e-05,455.6769714355469,177.5978546142578,217.50743103027344,190.47462463378906,203.53404235839844,332.5179443359375,199.0825653076172,70.33780670166016,,,,,,,,,,,,,,,,,,,,,,,,,,,,,,,,,,,,,,,,,,
61,8.024983799259644e-06,0.09770092368125916,1000000.0,1000000.0,0.16211748123168945,0.17767392098903656,0.9953312277793884,1000000.0,5.735072135925293,1.198294997215271,5.186113357543945,0.8736380934715271,0.18454766273498535,1000000.0,1000000.0,1.8076497316360474,3.688922166824341,1.5836519002914429,3.1845219135284424,0.4163210093975067,1.155181646347046,172.38465881347656,164.21678161621094,105.3704833984375,175.98712158203125,186.13890075683594,144.48536682128906,93.54036712646484,267.65185546875,335.73486328125,1583.67724609375,391.0711975097656,400.0412292480469,49.904842376708984,9.999999747378752e-05,459.74188232421875,172.6020050048828,221.5366973876953,192.72499084472656,208.18333435058594,336.38232421875,200.27145385742188,66.83373260498047,,,,,,,,,,,,,,,,,,,,,,,,,,,,,,,,,,,,,,,,,,
62,8.26261930342298e-06,0.09882465749979019,1000000.0,1000000.0,0.16208136081695557,0.1853773444890976,0.9718964099884033,1000000.0,5.799928188323975,1.2030620574951172,5.215076446533203,0.8463022708892822,0.19284658133983612,1000000.0,1000000.0,1.8009291887283325,3.690495252609253,1.5698003768920898,3.1995885372161865,0.4110516309738159,1.150801420211792,172.57681274414062,164.20941162109375,104.08348846435547,175.52723693847656,187.17694091796875,143.00221252441406,91.51272583007812,269.7669677734375,334.8818664550781,1583.9417724609375,390.05426025390625,399.7704772949219,51.17665100097656,9.999999747378752e-05,464.0268249511719,168.25387573242188,224.8109893798828,194.44888305664062,212.7320556640625,340.2598876953125,201.37001037597656,65.23832702636719,,,,,,,,,,,,,,,,,,,,,,,,,,,,,,,,,,,,,,,,,,
63,8.322863322973717e-06,0.096612848341465,1000000.0,1000000.0,0.16140349209308624,0.18520164489746094,0.94921875,1000000.0,5.864768981933594,1.2112152576446533,5.242850303649902,0.820736289024353,0.1930358111858368,1000000.0,1000000.0,1.787926435470581,3.6953682899475098,1.5553187131881714,3.211334228515625,0.40379756689071655,1.1456698179244995,172.49209594726562,163.93936157226562,101.79065704345703,174.57350158691406,188.18502807617188,141.17564392089844,90.65406036376953,271.82568359375,333.5514221191406,1584.2021484375,389.24969482421875,399.6015625,51.866668701171875,9.999999747378752e-05,468.344970703125,164.94268798828125,226.99526977539062,195.65194702148438,217.1826934814453,343.24664306640625,202.3114776611328,65.38773345947266,,,,,,,,,,,,,,,,,,,,,,,,,,,,,,,,,,,,,,,,,,
64,8.350782991328742e-06,0.09372733533382416,1000000.0,1000000.0,0.16021394729614258,0.18022535741329193,0.9329873323440552,1000000.0,5.9294047355651855,1.2208954095840454,5.269580841064453,0.7959746718406677,0.18791607022285461,1000000.0,1000000.0,1.7686830759048462,3.704388380050659,1.5439718961715698,3.2180089950561523,0.3982858955860138,1.1431766748428345,172.17367553710938,163.54122924804688,98.57452392578125,173.7794189453125,189.1688232421875,138.27273559570312,91.66311645507812,273.83087158203125,331.85711669921875,1584.4608154296875,388.6201477050781,399.5283203125,52.29658126831055,9.999999747378752e-05,472.5103454589844,162.82626342773438,227.86404418945312,196.35711669921875,221.53895568847656,343.8281555175781,203.04302978515625,66.89161682128906,,,,,,,,,,,,,,,,,,,,,,,,,,,,,,,,,,,,,,,,,,
65,8.402836101595312e-06,0.09756210446357727,1000000.0,1000000.0,0.1587672382593155,0.18154405057430267,0.9218579530715942,1000000.0,5.99361515045166,1.229673981666565,5.295399188995361,0.7722519040107727,0.1892460733652115,1000000.0,1000000.0,1.7428762912750244,3.71760630607605,1.5378174781799316,3.221334218978882,0.39568808674812317,1.1496871709823608,172.06825256347656,163.54774475097656,95.34368133544922,174.8341827392578,190.13587951660156,134.87562561035156,93.86337280273438,275.7893371582031,329.9409484863281,1584.71875,388.0072937011719,399.480224609375,52.649349212646484,9.999999747378752e-05,476.4402160644531,161.71815490722656,227.41761779785156,196.58221435546875,225.82659912109375,341.4486389160156,203.53543090820312,69.30552673339844,,,,,,,,,,,,,,,,,,,,,,,,,,,,,,,,,,,,,,,,,,
66,8.396518751396798e-06,0.10200797766447067,1000000.0,1000000.0,0.15730535984039307,0.18380509316921234,0.9099329113960266,1000000.0,6.057192325592041,1.2357312440872192,5.3204264640808105,0.752318799495697,0.19220401346683502,1000000.0,1000000.0,1.710319995880127,3.733492374420166,1.536629319190979,3.225054979324341,0.39383453130722046,1.1565139293670654,172.18626403808594,163.71142578125,92.46035766601562,176.09494018554688,191.09185791015625,132.37303161621094,95.81409454345703,277.7049865722656,327.9134826660156,1584.9765625,387.4717102050781,399.4532775878906,52.99095916748047,9.999999747378752e-05,480.1260986328125,161.18557739257812,226.1131591796875,196.37098693847656,230.06002807617188,336.4381408691406,203.79551696777344,72.27261352539062,,,,,,,,,,,,,,,,,,,,,,,,,,,,,,,,,,,,,,,,,,
67,8.406652341363952e-06,0.09990160167217255,1000000.0,1000000.0,0.15604329109191895,0.17989981174468994,0.8961548209190369,1000000.0,6.119964122772217,1.2380595207214355,5.3447747230529785,0.7354335784912109,0.18990354239940643,1000000.0,1000000.0,1.6727283000946045,3.7500481605529785,1.5396803617477417,3.232248067855835,0.3903069496154785,1.1545817852020264,172.42776489257812,163.6839599609375,90.1020736694336,175.7149658203125,192.03941345214844,131.0665740966797,96.37552642822266,279.5784606933594,325.8481140136719,1585.23388671875,387.1039733886719,399.4601745605469,53.45182418823242,9.999999747378752e-05,483.5516357421875,160.83775329589844,224.5413360595703,195.7782440185547,234.23948669433594,330.3165283203125,203.86842346191406,75.47657775878906,,,,,,,,,,,,,,,,,,,,,,,,,,,,,,,,,,,,,,,,,,
68,8.284886462206487e-06,0.0962645560503006,1000000.0,1000000.0,0.15514324605464935,0.17709723114967346,0.8849784731864929,1000000.0,6.181804180145264,1.2366676330566406,5.368544578552246,0.723487377166748,0.18972498178482056,1000000.0,1000000.0,1.6338573694229126,3.765964984893799,1.5471091270446777,3.2431252002716064,0.3826315999031067,1.148445963859558,173.0272979736328,163.7824249267578,88.9061050415039,174.77001953125,192.97767639160156,130.0906982421875,95.48353576660156,281.4064025878906,323.7724304199219,1585.489013671875,386.7958068847656,399.46356201171875,54.20267105102539,9.999999747378752e-05,486.68475341796875,160.32887268066406,223.08639526367188,194.87461853027344,238.3469696044922,323.8881530761719,203.8210906982422,78.54202270507812,,,,,,,,,,,,,,,,,,,,,,,,,,,,,,,,,,,,,,,,,,
69,8.188449100998696e-06,0.09620337188243866,1000000.0,1000000.0,0.1546836644411087,0.18098188936710358,0.8806926608085632,1000000.0,6.2426300048828125,1.2324647903442383,5.391827583312988,0.7163117527961731,0.19654126465320587,1000000.0,1000000.0,1.5977883338928223,3.7802791595458984,1.5598480701446533,3.2551496028900146,0.37088868021965027,1.1444276571273804,174.0182342529297,164.21461486816406,88.880859375,174.4189910888672,193.90289306640625,128.58450317382812,94.08778381347656,283.18157958984375,321.67352294921875,1585.740234375,386.4749755859375,399.4599914550781,55.35641098022461,9.999999747378752e-05,489.51397705078125,159.32247924804688,222.03167724609375,193.73924255371094,242.34793090820312,317.3294372558594,203.7095184326172,81.01213836669922,,,,,,,,,,,,,,,,,,,,,,,,,,,,,,,,,,,,,,,,,,
70,8.097085810732096e-06,0.09474680572748184,1000000.0,1000000.0,0.1546165496110916,0.18248791992664337,0.8818888664245605,1000000.0,6.302388668060303,1.227203607559204,5.414707183837891,0.7116880416870117,0.1999400407075882,1000000.0,1000000.0,1.5664371252059937,3.791985273361206,1.5782194137573242,3.2651522159576416,0.3578447103500366,1.1396307945251465,174.92996215820312,164.53237915039062,88.86951446533203,173.52685546875,194.8089141845703,126.81087493896484,93.39278411865234,284.8924560546875,319.4990539550781,1585.9869384765625,386.259765625,399.5214538574219,56.89264678955078,9.999999747378752e-05,492.065185546875,157.5148468017578,221.67681884765625,192.4678497314453,246.18954467773438,310.1160583496094,203.55050659179688,82.35929107666016,,,,,,,,,,,,,,,,,,,,,,,,,,,,,,,,,,,,,,,,,,
71,8.012263606360648e-06,0.09171038120985031,1000000.0,1000000.0,0.15488985180854797,0.17952394485473633,0.8831647038459778,1000000.0,6.361050605773926,1.2225443124771118,5.437254905700684,0.71042400598526,0.197085902094841,1000000.0,1000000.0,1.539336919784546,3.800830125808716,1.60079824924469,3.271589517593384,0.34585317969322205,1.1355252265930176,175.55152893066406,164.61920166015625,88.26851654052734,172.1257781982422,195.690185546875,125.78269958496094,93.99738311767578,286.5291442871094,317.2048645019531,1586.228271484375,386.1804504394531,399.68017578125,58.683372497558594,9.999999747378752e-05,494.39813232421875,154.7437286376953,222.09645080566406,191.1397247314453,249.82757568359375,301.1004333496094,203.33782958984375,82.11038208007812,,,,,,,,,,,,,,,,,,,,,,,,,,,,,,,,,,,,,,,,,,
72,7.8719358498347e-06,0.0933983102440834,1000000.0,1000000.0,0.15537136793136597,0.17983949184417725,0.8826937079429626,1000000.0,6.418609142303467,1.2199689149856567,5.459535598754883,0.7094802260398865,0.1956884115934372,1000000.0,1000000.0,1.5154738426208496,3.8073246479034424,1.6244370937347412,3.2754149436950684,0.3369639217853546,1.1389840841293335,176.06552124023438,164.81190490722656,87.3886947631836,171.78521728515625,196.54217529296875,125.72025299072266,95.53514862060547,288.08245849609375,314.753662109375,1586.4652099609375,386.1358337402344,399.9031066894531,60.638545989990234,9.999999747378752e-05,496.5554504394531,151.1645965576172,223.13743591308594,189.83177185058594,253.2239990234375,290.44976806640625,203.07801818847656,80.06842803955078,,,,,,,,,,,,,,,,,,,,,,,,,,,,,,,,,,,,,,,,,,
73,7.65937875257805e-06,0.09837126731872559,1000000.0,1000000.0,0.15596473217010498,0.1830667406320572,0.883443295955658,1000000.0,6.475062847137451,1.220008134841919,5.48160457611084,0.7084345817565918,0.19614183902740479,1000000.0,1000000.0,1.4939403533935547,3.811896800994873,1.6445192098617554,3.279224157333374,0.3295830190181732,1.1470584869384766,176.55831909179688,165.11082458496094,86.5392837524414,172.24981689453125,197.3633270263672,125.86714172363281,97.0211181640625,289.5478210449219,312.1524658203125,1586.6993408203125,386.1252746582031,400.1673278808594,62.72732925415039,9.999999747378752e-05,498.5499572753906,147.19192504882812,224.67489624023438,188.59117126464844,256.3683166503906,279.2182312011719,202.80296325683594,76.37935638427734,,,,,,,,,,,,,,,,,,,,,,,,,,,,,,,,,,,,,,,,,,
74,7.4944814514310565e-06,0.09965630620718002,1000000.0,1000000.0,0.15657684206962585,0.18236984312534332,0.8874928951263428,1000000.0,6.530412673950195,1.2223378419876099,5.503509998321533,0.7080572247505188,0.19262608885765076,1000000.0,1000000.0,1.4731347560882568,3.814934015274048,1.6560790538787842,3.285346508026123,0.3201182186603546,1.1506832838058472,176.98631286621094,165.24769592285156,85.84854888916016,171.95472717285156,198.15472412109375,125.61308288574219,97.59561157226562,290.9242248535156,309.44342041015625,1586.9329833984375,386.2279357910156,400.46807861328125,64.86747741699219,9.999999747378752e-05,500.41485595703125,143.3017578125,226.59912109375,187.44424438476562,259.2716979980469,268.9854431152344,202.54302978515625,71.40931701660156,,,,,,,,,,,,,,,,,,,,,,,,,,,,,,,,,,,,,,,,,,
75,7.2894649747468065e-06,0.09840908646583557,1000000.0,1000000.0,0.15712419152259827,0.18075372278690338,0.8932824730873108,1000000.0,6.584640979766846,1.2258522510528564,5.525293827056885,0.710966169834137,0.18907371163368225,1000000.0,1000000.0,1.4508174657821655,3.8174378871917725,1.6562504768371582,3.294198751449585,0.3064376413822174,1.1497775316238403,177.526123046875,165.36746215820312,85.84874725341797,171.23582458496094,198.91958618164062,125.10590362548828,97.11454772949219,292.2137451171875,306.6994934082031,1587.1695556640625,386.3964538574219,400.7658996582031,66.95555877685547,9.999999747378752e-05,502.1842346191406,139.8507080078125,228.6218719482422,186.4007110595703,261.9642028808594,259.986572265625,202.29483032226562,65.53306579589844,,,,,,,,,,,,,,,,,,,,,,,,,,,,,,,,,,,,,,,,,,
76,6.9901238930469844e-06,0.09893663972616196,1000000.0,1000000.0,0.15754370391368866,0.18385356664657593,0.8985406160354614,1000000.0,6.63773775100708,1.2291369438171387,5.54699182510376,0.7114232778549194,0.1915767341852188,1000000.0,1000000.0,1.4255942106246948,3.8206279277801514,1.645609736442566,3.304150104522705,0.2945830225944519,1.1487362384796143,178.31752014160156,165.70571899414062,86.81981658935547,171.17120361328125,199.66188049316406,124.61483001708984,96.18376159667969,293.4199523925781,304.0040283203125,1587.412109375,386.5551452636719,401.0295104980469,68.92682647705078,9.999999747378752e-05,503.88128662109375,137.06471252441406,230.39678955078125,185.4594268798828,264.4841613769531,251.44117736816406,202.02427673339844,59.06653594970703,,,,,,,,,,,,,,,,,,,,,,,,,,,,,,,,,,,,,,,,,,
77,6.809608748881146e-06,0.09810632467269897,1000000.0,1000000.0,0.1577950417995453,0.1859198361635208,0.9023140072822571,1000000.0,6.689694881439209,1.2308392524719238,5.568634986877441,0.7055051922798157,0.1938011646270752,1000000.0,1000000.0,1.397409439086914,3.8251893520355225,1.6256864070892334,3.3129022121429443,0.28900235891342163,1.1459031105041504,179.09475708007812,166.0125274658203,87.99259948730469,171.08226013183594,200.38540649414062,124.20864868164062,95.66314697265625,294.54681396484375,301.4348449707031,1587.6632080078125,386.77374267578125,401.2953186035156,70.73959350585938,9.999999747378752e-05,505.52593994140625,135.00323486328125,231.7366485595703,184.61846923828125,266.86871337890625,242.72402954101562,201.71408081054688,52.53984069824219,,,,,,,,,,,,,,,,,,,,,,,,,,,,,,,,,,,,,,,,,,
78,6.721200406900607e-06,0.095034658908844,1000000.0,1000000.0,0.1578604131937027,0.1839480847120285,0.903383731842041,1000000.0,6.740522861480713,1.230160117149353,5.590248107910156,0.6953396797180176,0.19205783307552338,1000000.0,1000000.0,1.3674570322036743,3.8315773010253906,1.5963225364685059,3.319162607192993,0.28452396392822266,1.1421163082122803,179.6459197998047,166.14447021484375,88.72325134277344,170.77847290039062,201.09239196777344,123.95207977294922,96.04254150390625,295.5970764160156,299.0428161621094,1587.92431640625,387.0877990722656,401.5932312011719,72.30525970458984,9.999999747378752e-05,507.17828369140625,133.52735900878906,232.52020263671875,183.8815155029297,269.1426086425781,235.5732879638672,201.40037536621094,46.8377685546875,,,,,,,,,,,,,,,,,,,,,,,,,,,,,,,,,,,,,,,,,,
79,6.715980362059781e-06,0.09478827565908432,1000000.0,1000000.0,0.15773501992225647,0.18341884016990662,0.9024059772491455,1000000.0,6.79024076461792,1.2270159721374512,5.611850261688232,0.6837833523750305,0.19159363210201263,1000000.0,1000000.0,1.338588833808899,3.8400802612304688,1.5588823556900024,3.323436737060547,0.275666743516922,1.1434723138809204,180.0406951904297,166.30917358398438,89.07811737060547,171.37368774414062,201.7831268310547,123.61014556884766,97.13129425048828,296.5718994140625,296.844482421875,1588.1953125,387.41650390625,401.90625,73.57068634033203,9.999999747378752e-05,508.8843688964844,132.33706665039062,232.6716766357422,183.26168823242188,271.3140563964844,231.62030029296875,201.12344360351562,42.72658157348633,,,,,,,,,,,,,,,,,,,,,,,,,,,,,,,,,,,,,,,,,,
80,6.641523668804439e-06,0.0973375216126442,1000000.0,1000000.0,0.15743358433246613,0.18469154834747314,0.9010444283485413,1000000.0,6.83888053894043,1.2220343351364136,5.633456707000732,0.6688681840896606,0.19286879897117615,1000000.0,1000000.0,1.3147501945495605,3.850242853164673,1.5190582275390625,3.3275132179260254,0.2666626572608948,1.1495856046676636,180.30886840820312,166.51170349121094,89.1866226196289,172.73690795898438,202.45619201660156,122.83063507080078,98.26032257080078,297.47088623046875,294.82293701171875,1588.4752197265625,387.7416687011719,402.2253112792969,74.54867553710938,9.999999747378752e-05,510.6558837890625,131.02703857421875,232.32408142089844,182.7821807861328,273.3749084472656,229.49127197265625,200.87448120117188,40.492042541503906,,,,,,,,,,,,,,,,,,,,,,,,,,,,,,,,,,,,,,,,,,
81,6.6437796704121865e-06,0.0976630300283432,1000000.0,1000000.0,0.15694962441921234,0.18269316852092743,0.8991230130195618,1000000.0,6.886476516723633,1.2165254354476929,5.655078887939453,0.6484977602958679,0.19109241664409637,1000000.0,1000000.0,1.298494577407837,3.8610196113586426,1.4839038848876953,3.33313250541687,0.2638861835002899,1.1540244817733765,180.40841674804688,166.5459747314453,89.12438201904297,173.57534790039062,203.10874938964844,121.67866516113281,98.79151916503906,298.29205322265625,292.92669677734375,1588.7625732421875,388.1108093261719,402.5545654296875,75.25135040283203,9.999999747378752e-05,512.4956665039062,129.259521484375,231.7755126953125,182.482421875,275.2989196777344,226.98448181152344,200.60675048828125,39.994686126708984,,,,,,,,,,,,,,,,,,,,,,,,,,,,,,,,,,,,,,,,,,
82,6.662100986432051e-06,0.09665422141551971,1000000.0,1000000.0,0.15634121000766754,0.1799677610397339,0.8938486576080322,1000000.0,6.933060169219971,1.2115533351898193,5.676723957061768,0.627028226852417,0.18927137553691864,1000000.0,1000000.0,1.2888479232788086,3.871598243713379,1.4553734064102173,3.340740203857422,0.26208698749542236,1.1562422513961792,180.5021209716797,166.5199432373047,89.38172149658203,173.97531127929688,203.73861694335938,120.74607849121094,98.56759643554688,299.0351257324219,291.1163635253906,1589.0550537109375,388.4764099121094,402.8663330078125,75.63671112060547,9.999999747378752e-05,514.42333984375,126.974365234375,231.25601196289062,182.38778686523438,277.0683898925781,224.9791259765625,200.28843688964844,40.99765396118164,,,,,,,,,,,,,,,,,,,,,,,,,,,,,,,,,,,,,,,,,,
83,6.747123734385241e-06,0.09718019515275955,1000000.0,1000000.0,0.15567870438098907,0.18081937730312347,0.884278416633606,1000000.0,6.978663444519043,1.2079581022262573,5.6983962059021,0.6097654104232788,0.19186881184577942,1000000.0,1000000.0,1.2835228443145752,3.881408214569092,1.4341777563095093,3.349290609359741,0.25544610619544983,1.1583902835845947,180.74447631835938,166.60755920410156,90.318603515625,174.51156616210938,204.3442840576172,120.32575988769531,97.97410583496094,299.7009582519531,289.3602294921875,1589.350341796875,388.7772216796875,403.1380920410156,75.69670104980469,9.999999747378752e-05,516.4346923828125,124.34014129638672,230.9261932373047,182.51486206054688,278.6701354980469,224.35494995117188,199.87994384765625,42.99098587036133,,,,,,,,,,,,,,,,,,,,,,,,,,,,,,,,,,,,,,,,,,
84,6.772299002477666e-06,0.09641677886247635,1000000.0,1000000.0,0.15503144264221191,0.1808418333530426,0.8752261400222778,1000000.0,7.023314952850342,1.2059824466705322,5.720098495483398,0.595515787601471,0.19387666881084442,1000000.0,1000000.0,1.2809571027755737,3.889859199523926,1.4245024919509888,3.357128381729126,0.2491399049758911,1.1579540967941284,180.9840850830078,166.62644958496094,91.51048278808594,174.53045654296875,204.92568969726562,119.71631622314453,97.62175750732422,300.2921142578125,287.6495361328125,1589.646728515625,389.0613708496094,403.3969421386719,75.56289672851562,9.999999747378752e-05,518.45654296875,121.68587493896484,230.9527587890625,182.86441040039062,280.10498046875,223.19422912597656,199.3058319091797,45.075618743896484,,,,,,,,,,,,,,,,,,,,,,,,,,,,,,,,,,,,,,,,,,
85,6.824946467531845e-06,0.09420496970415115,1000000.0,1000000.0,0.15446285903453827,0.17859046161174774,0.8695074915885925,1000000.0,7.067034721374512,1.2053438425064087,5.741830348968506,0.5830411911010742,0.19317381083965302,1000000.0,1000000.0,1.278484582901001,3.8968048095703125,1.4274020195007324,3.363239288330078,0.24744801223278046,1.1556168794631958,181.1116943359375,166.5120391845703,92.56541442871094,174.0232696533203,205.4840087890625,118.59398651123047,97.88790130615234,300.81256103515625,285.9958801269531,1589.943359375,389.34539794921875,403.6643371582031,75.34980773925781,9.999999747378752e-05,520.423828125,119.39486694335938,231.3760528564453,183.4271240234375,281.3855895996094,220.12667846679688,198.50730895996094,46.42478561401367,,,,,,,,,,,,,,,,,,,,,,,,,,,,,,,,,,,,,,,,,,
86,6.872232006571721e-06,0.09471040219068527,1000000.0,1000000.0,0.15401591360569,0.17849738895893097,0.8653993606567383,1000000.0,7.109832763671875,1.2052900791168213,5.7635884284973145,0.5760790109634399,0.19381624460220337,1000000.0,1000000.0,1.271977424621582,3.9025964736938477,1.4373162984848022,3.3678743839263916,0.24516184628009796,1.1563574075698853,181.189208984375,166.44207763671875,93.46224975585938,173.98419189453125,206.02137756347656,117.4604263305664,98.67929077148438,301.2675476074219,284.42822265625,1590.239990234375,389.5791015625,403.9346618652344,75.0937271118164,9.999999747378752e-05,522.3049926757812,117.82777404785156,232.09593200683594,184.18218994140625,282.5352783203125,216.39486694335938,197.48178100585938,46.75175094604492,,,,,,,,,,,,,,,,,,,,,,,,,,,,,,,,,,,,,,,,,,
87,6.8720792114618234e-06,0.09707984328269958,1000000.0,1000000.0,0.15370647609233856,0.1793360859155655,0.8610864281654358,1000000.0,7.151721954345703,1.2048804759979248,5.785369396209717,0.5766503214836121,0.1945047229528427,1000000.0,1000000.0,1.2592843770980835,3.9074959754943848,1.4488998651504517,3.372267246246338,0.2386070340871811,1.1593495607376099,181.185302734375,166.3748321533203,94.08537292480469,174.28115844726562,206.54026794433594,116.7355728149414,99.54054260253906,301.6625671386719,282.98126220703125,1590.536865234375,389.7789306640625,404.2142028808594,74.84007263183594,9.999999747378752e-05,524.0804443359375,117.13127136230469,233.03982543945312,185.10025024414062,283.5809020996094,213.1685791015625,196.2563934326172,46.0142707824707,,,,,,,,,,,,,,,,,,,,,,,,,,,,,,,,,,,,,,,,,,
88,6.782346190448152e-06,0.0980805978178978,1000000.0,1000000.0,0.15352337062358856,0.17764681577682495,0.8583868145942688,1000000.0,7.192724704742432,1.2033486366271973,5.807168483734131,0.5801469087600708,0.19209052622318268,1000000.0,1000000.0,1.2420982122421265,3.9117395877838135,1.4618220329284668,3.3776934146881104,0.23406442999839783,1.1607178449630737,181.06358337402344,166.1878204345703,94.39632415771484,174.25436401367188,207.0426483154297,116.16712188720703,100.0079574584961,302.0025329589844,281.68115234375,1590.83447265625,389.9872741699219,404.50701904296875,74.71757507324219,9.999999747378752e-05,525.703125,117.13506317138672,234.14410400390625,186.15328979492188,284.5451354980469,209.20431518554688,194.85598754882812,44.12471008300781,,,,,,,,,,,,,,,,,,,,,,,,,,,,,,,,,,,,,,,,,,
89,6.679672424070304e-06,0.09921398013830185,1000000.0,1000000.0,0.15347498655319214,0.1765139400959015,0.8591433763504028,1000000.0,7.232872486114502,1.2001854181289673,5.828977584838867,0.5836384296417236,0.1902991235256195,1000000.0,1000000.0,1.2237976789474487,3.91585111618042,1.4746580123901367,3.384551525115967,0.23413816094398499,1.1611226797103882,180.9842071533203,166.0240478515625,94.7785873413086,174.27684020996094,207.52975463867188,115.409912109375,99.94044494628906,302.2918701171875,280.54437255859375,1591.1322021484375,390.16802978515625,404.7864074707031,74.83419799804688,9.999999747378752e-05,527.1500244140625,117.49253845214844,235.26611328125,187.30653381347656,285.4458312988281,204.50479125976562,193.34881591796875,41.41478729248047,,,,,,,,,,,,,,,,,,,,,,,,,,,,,,,,,,,,,,,,,,
90,6.631286396441283e-06,0.10122320801019669,1000000.0,1000000.0,0.1534964144229889,0.1777077168226242,0.8615723252296448,1000000.0,7.2722086906433105,1.1956437826156616,5.850788116455078,0.5894438624382019,0.19139710068702698,1000000.0,1000000.0,1.207018256187439,3.920306921005249,1.482870101928711,3.3921573162078857,0.23166683316230774,1.1608965396881104,181.04254150390625,165.96560668945312,95.47284698486328,174.5406951904297,208.00131225585938,114.71941375732422,99.58809661865234,302.53271484375,279.5520324707031,1591.4300537109375,390.3026428222656,405.03546142578125,75.18352508544922,9.999999747378752e-05,528.4464111328125,117.81107330322266,236.27780151367188,188.54556274414062,286.2821044921875,201.53225708007812,191.8376922607422,38.68745040893555,,,,,,,,,,,,,,,,,,,,,,,,,,,,,,,,,,,,,,,,,,
91,6.5880458350875415e-06,0.10107097774744034,1000000.0,1000000.0,0.1535099595785141,0.17721810936927795,0.8634973168373108,1000000.0,7.310790061950684,1.1904164552688599,5.872590065002441,0.5953617691993713,0.1913565993309021,1000000.0,1000000.0,1.1944292783737183,3.9253249168395996,1.4855773448944092,3.3993422985076904,0.22810108959674835,1.1574132442474365,181.12252807617188,165.85289001464844,96.25433349609375,174.39886474609375,208.4561309814453,114.4178695678711,99.37679290771484,302.72601318359375,278.66668701171875,1591.7279052734375,390.44091796875,405.2688903808594,75.75003051757812,9.999999747378752e-05,529.6128540039062,117.70916748046875,237.12330627441406,189.8611297607422,287.0433654785156,200.42733764648438,190.38211059570312,36.551876068115234,,,,,,,,,,,,,,,,,,,,,,,,,,,,,,,,,,,,,,,,,,
92,6.56830525258556e-06,0.09996189177036285,1000000.0,1000000.0,0.15344493091106415,0.17591971158981323,0.8643384575843811,1000000.0,7.348682403564453,1.1853638887405396,5.894372463226318,0.5975729823112488,0.19084060192108154,1000000.0,1000000.0,1.1880600452423096,3.931215286254883,1.4847232103347778,3.405334949493408,0.22997844219207764,1.1528676748275757,181.1918487548828,165.71250915527344,97.00396728515625,174.13125610351562,208.89273071289062,114.56456756591797,99.5887451171875,302.87249755859375,277.84442138671875,1592.0252685546875,390.5763244628906,405.49072265625,76.51399230957031,9.999999747378752e-05,530.6611328125,116.9561538696289,237.72024536132812,191.24624633789062,287.7158203125,199.4346466064453,188.99586486816406,35.34763717651367,,,,,,,,,,,,,,,,,,,,,,,,,,,,,,,,,,,,,,,,,,
93,6.563647730217781e-06,0.10068674385547638,1000000.0,1000000.0,0.15325228869915009,0.1766308695077896,0.864410400390625,1000000.0,7.385960578918457,1.1812623739242554,5.91612434387207,0.5983418226242065,0.19238868355751038,1000000.0,1000000.0,1.1876163482666016,3.938174247741699,1.4786360263824463,3.410252809524536,0.23210680484771729,1.1511157751083374,181.260009765625,165.6425018310547,97.6775894165039,174.3308868408203,209.30996704101562,114.99128723144531,100.18081665039062,302.97332763671875,277.0451354980469,1592.321533203125,390.67803955078125,405.69964599609375,77.40418243408203,9.999999747378752e-05,531.6265258789062,115.65003204345703,238.0168914794922,192.691650390625,288.2876281738281,199.94659423828125,187.70318603515625,35.40917205810547,,,,,,,,,,,,,,,,,,,,,,,,,,,,,,,,,,,,,,,,,,
94,6.554768788191723e-06,0.10134685784578323,1000000.0,1000000.0,0.1529066264629364,0.17639310657978058,0.8653756976127625,1000000.0,7.422694206237793,1.1784559488296509,5.937834739685059,0.5992662310600281,0.19274310767650604,1000000.0,1000000.0,1.191135048866272,3.94594144821167,1.466782569885254,3.4149372577667236,0.23149070143699646,1.150894284248352,181.21189880371094,165.5174560546875,98.03530883789062,174.567626953125,209.7075958251953,115.32669830322266,100.84650421142578,303.03076171875,276.24658203125,1592.6162109375,390.7819519042969,405.9128723144531,78.37164306640625,9.999999747378752e-05,532.5267944335938,114.12916564941406,238.08538818359375,194.1819610595703,288.7573547363281,202.6116485595703,186.487060546875,36.691184997558594,,,,,,,,,,,,,,,,,,,,,,,,,,,,,,,,,,,,,,,,,,
95,6.527955974888755e-06,0.10126219689846039,1000000.0,1000000.0,0.15245859324932098,0.17453435063362122,0.8681083917617798,1000000.0,7.458946704864502,1.176687479019165,5.959490776062012,0.5972734689712524,0.19123584032058716,1000000.0,1000000.0,1.195910096168518,3.954143762588501,1.4524364471435547,3.4203102588653564,0.2348068356513977,1.1513779163360596,181.04454040527344,165.31166076660156,98.09524536132812,174.66754150390625,210.08653259277344,115.38258361816406,101.25389099121094,303.04852294921875,275.453369140625,1592.908203125,390.89532470703125,406.1316833496094,79.37786102294922,9.999999747378752e-05,533.366455078125,112.77184295654297,238.02743530273438,195.6837158203125,289.13775634765625,205.26693725585938,185.27220153808594,38.69056701660156,,,,,,,,,,,,,,,,,,,,,,,,,,,,,,,,,,,,,,,,,,
96,6.525090611830819e-06,0.10240612179040909,1000000.0,1000000.0,0.15192677080631256,0.17434215545654297,0.8701615333557129,1000000.0,7.494770526885986,1.1755108833312988,5.981083393096924,0.5940320491790771,0.19143398106098175,1000000.0,1000000.0,1.198281168937683,3.9624500274658203,1.4359617233276367,3.426701068878174,0.239523246884346,1.153795599937439,180.8979034423828,165.16265869140625,98.16789245605469,175.01907348632812,210.4481964111328,115.54412841796875,101.28650665283203,303.03057861328125,274.6746520996094,1593.1971435546875,390.9781494140625,406.33734130859375,80.3117446899414,9.999999747378752e-05,534.181396484375,111.92288970947266,237.93264770507812,197.17262268066406,289.4443359375,208.2977752685547,184.00909423828125,40.96365737915039,,,,,,,,,,,,,,,,,,,,,,,,,,,,,,,,,,,,,,,,,,
97,6.5633612393867224e-06,0.10322756320238113,1000000.0,1000000.0,0.15134620666503906,0.17447176575660706,0.8694069385528564,1000000.0,7.530206680297852,1.1743186712265015,6.002603530883789,0.5931265354156494,0.19215470552444458,1000000.0,1000000.0,1.1965723037719727,3.9703729152679443,1.418387532234192,3.433673620223999,0.24093300104141235,1.1557828187942505,180.7904815673828,165.02749633789062,98.33453369140625,175.272216796875,210.79429626464844,116.14447021484375,101.10234069824219,302.98114013671875,273.9266052246094,1593.48291015625,391.0445556640625,406.529052734375,81.05769348144531,9.999999747378752e-05,535.0161743164062,111.68701934814453,237.93280029296875,198.625,289.6957092285156,212.30517578125,182.67254638671875,43.129207611083984,,,,,,,,,,,,,,,,,,,,,,,,,,,,,,,,,,,,,,,,,,
98,6.577768999704858e-06,0.10220794379711151,1000000.0,1000000.0,0.15076176822185516,0.17319057881832123,0.869050920009613,1000000.0,7.56529426574707,1.172544240951538,6.02404260635376,0.5931508541107178,0.19163480401039124,1000000.0,1000000.0,1.1930934190750122,3.977553129196167,1.405131220817566,3.440401792526245,0.24319085478782654,1.1553683280944824,180.7012176513672,164.84307861328125,98.56876373291016,175.09751892089844,211.12646484375,116.56861877441406,100.99885559082031,302.9040832519531,273.224609375,1593.76513671875,391.113525390625,406.712158203125,81.61937713623047,9.999999747378752e-05,535.8799438476562,111.9241714477539,238.12460327148438,200.02093505859375,289.9100341796875,215.7290496826172,181.2425537109375,44.70392990112305,,,,,,,,,,,,,,,,,,,,,,,,,,,,,,,,,,,,,,,,,,
99,6.605206181120593e-06,0.1016620472073555,1000000.0,1000000.0,0.15026311576366425,0.1732245534658432,0.8709132671356201,1000000.0,7.600061893463135,1.1697107553482056,6.0453901290893555,0.593845784664154,0.19244764745235443,1000000.0,1000000.0,1.1906788349151611,3.9839980602264404,1.4000539779663086,3.446305274963379,0.24772892892360687,1.1549185514450073,180.68983459472656,164.71607971191406,98.9343032836914,174.9944610595703,211.44607543945312,116.45621490478516,101.18548583984375,302.8030700683594,272.5834045410156,1594.0426025390625,391.1551513671875,406.8818359375,81.99650573730469,9.999999747378752e-05,536.7871704101562,112.36422729492188,238.5046844482422,201.33531188964844,290.1040344238281,217.85169982910156,179.72645568847656,45.47508239746094,,,,,,,,,,,,,,,,,,,,,,,,,,,,,,,,,,,,,,,,,,
100,6.639117145823548e-06,0.101690374314785,1000000.0,1000000.0,0.14986635744571686,0.17406462132930756,0.8725837469100952,1000000.0,7.634530067443848,1.1659694910049438,6.06663703918457,0.5979679226875305,0.19376353919506073,1000000.0,1000000.0,1.1902234554290771,3.989769697189331,1.4020895957946777,3.451423168182373,0.2499576061964035,1.1549423933029175,180.7069854736328,164.62228393554688,99.27684783935547,175.00177001953125,211.75335693359375,116.17926025390625,101.64776611328125,302.6799621582031,271.9904479980469,1594.3148193359375,391.1766357421875,407.04791259765625,82.14735412597656,9.999999747378752e-05,537.768310546875,112.78842163085938,239.05564880371094,202.564697265625,290.2789306640625,219.656005859375,178.15927124023438,45.588233947753906,,,,,,,,,,,,,,,,,,,,,,,,,,,,,,,,,,,,,,,,,,
